Datum;BundeslandID;Name;BestaetigteFaelleBundeslaender;Todesfaelle;Genesen;Hospitalisierung;Intensivstation;Testungen;TestungenPCR;TestungenAntigen
2021-03-01T09:30:00+01:00;1;Burgenland;12657;239;11701;43;10;638575;155435;483140
2021-03-01T09:30:00+01:00;2;Kärnten;29225;683;27316;96;15;675557;217933;457624
2021-03-01T09:30:00+01:00;3;Niederösterreich;74538;1350;67900;349;82;3400756;1141984;2258772
2021-03-01T09:30:00+01:00;4;Oberösterreich;86409;1515;82567;120;20;2162517;546777;1615740
2021-03-01T09:30:00+01:00;5;Salzburg;37327;493;35318;71;15;823353;274598;548755
2021-03-01T09:30:00+01:00;6;Steiermark;55956;1747;51265;200;35;1758065;503274;1254791
2021-03-01T09:30:00+01:00;7;Tirol;48060;579;46304;81;21;1521757;579890;941867
2021-03-01T09:30:00+01:00;8;Vorarlberg;23859;274;23199;30;7;825612;298572;527040
2021-03-01T09:30:00+01:00;9;Wien;92818;1694;86446;363;85;3197153;1677203;1519950
2021-03-01T09:30:00+01:00;10;Österreich;460849;8574;432016;1353;290;15003345;5395666;9607679
2021-03-02T09:30:00+01:00;1;Burgenland;12742;240;11748;46;10;645941;155933;490008
2021-03-02T09:30:00+01:00;2;Kärnten;29410;686;27446;91;16;704089;219190;484899
2021-03-02T09:30:00+01:00;3;Niederösterreich;74893;1357;68352;381;78;3471229;1147138;2324091
2021-03-02T09:30:00+01:00;4;Oberösterreich;86664;1518;82820;130;16;2241062;548394;1692668
2021-03-02T09:30:00+01:00;5;Salzburg;37564;496;35417;73;15;847370;275923;571447
2021-03-02T09:30:00+01:00;6;Steiermark;56261;1753;51636;207;39;1801508;505525;1295983
2021-03-02T09:30:00+01:00;7;Tirol;48223;579;46410;87;24;1539898;583765;956133
2021-03-02T09:30:00+01:00;8;Vorarlberg;23900;276;23199;27;5;842170;299159;543011
2021-03-02T09:30:00+01:00;9;Wien;93112;1700;86845;385;93;3264872;1721257;1543615
2021-03-02T09:30:00+01:00;10;Österreich;462769;8605;433873;1427;296;15358139;5456284;9901855
2021-03-03T09:30:00+01:00;1;Burgenland;12877;240;11825;54;13;656824;156596;500228
2021-03-03T09:30:00+01:00;2;Kärnten;29602;688;27540;95;17;708065;220503;487562
2021-03-03T09:30:00+01:00;3;Niederösterreich;75496;1361;68751;371;81;3525810;1153997;2371813
2021-03-03T09:30:00+01:00;4;Oberösterreich;86954;1519;83073;124;21;2276421;550375;1726046
2021-03-03T09:30:00+01:00;5;Salzburg;37720;497;35546;69;16;859248;277381;581867
2021-03-03T09:30:00+01:00;6;Steiermark;56543;1761;51903;200;35;1852502;508297;1344205
2021-03-03T09:30:00+01:00;7;Tirol;48394;579;46516;83;24;1552380;588092;964288
2021-03-03T09:30:00+01:00;8;Vorarlberg;23934;276;23261;29;6;855489;300574;554915
2021-03-03T09:30:00+01:00;9;Wien;93802;1704;87254;390;100;3316131;1751657;1564474
2021-03-03T09:30:00+01:00;10;Österreich;465322;8625;435669;1415;313;15602870;5507472;10095398
2021-03-04T09:30:00+01:00;1;Burgenland;12963;241;11881;51;13;665306;157400;507906
2021-03-04T09:30:00+01:00;2;Kärnten;29774;691;27623;96;16;709254;221614;487640
2021-03-04T09:30:00+01:00;3;Niederösterreich;76018;1369;69037;376;84;3580743;1164883;2415860
2021-03-04T09:30:00+01:00;4;Oberösterreich;87365;1521;83321;118;21;2332134;552588;1779546
2021-03-04T09:30:00+01:00;5;Salzburg;37862;498;35638;71;15;871522;278819;592703
2021-03-04T09:30:00+01:00;6;Steiermark;56881;1764;52212;200;35;1899187;509514;1389673
2021-03-04T09:30:00+01:00;7;Tirol;48543;579;46590;78;24;1569811;591254;978557
2021-03-04T09:30:00+01:00;8;Vorarlberg;23988;276;23287;28;4;868793;301846;566947
2021-03-04T09:30:00+01:00;9;Wien;94252;1713;87613;407;90;3367370;1779673;1587697
2021-03-04T09:30:00+01:00;10;Österreich;467646;8652;437202;1425;302;15864120;5557591;10306529
2021-03-05T09:30:00+01:00;1;Burgenland;13063;241;11934;59;13;677110;158537;518573
2021-03-05T09:30:00+01:00;2;Kärnten;29945;693;27779;100;15;710375;222676;487699
2021-03-05T09:30:00+01:00;3;Niederösterreich;76598;1372;69422;362;89;3631722;1175337;2456385
2021-03-05T09:30:00+01:00;4;Oberösterreich;87776;1522;83559;120;24;2368282;554878;1813404
2021-03-05T09:30:00+01:00;5;Salzburg;38095;498;35801;74;14;914767;280410;634357
2021-03-05T09:30:00+01:00;6;Steiermark;57036;1771;52461;198;38;1929023;512435;1416588
2021-03-05T09:30:00+01:00;7;Tirol;48670;581;46721;89;22;1587729;594508;993221
2021-03-05T09:30:00+01:00;8;Vorarlberg;24065;276;23319;27;4;882629;302984;579645
2021-03-05T09:30:00+01:00;9;Wien;95066;1715;88105;392;107;3421978;1808879;1613099
2021-03-05T09:30:00+01:00;10;Österreich;470314;8669;439101;1421;326;16123615;5610644;10512971
2021-03-06T09:30:00+01:00;1;Burgenland;13155;242;12010;54;14;692887;159511;533376
2021-03-06T09:30:00+01:00;2;Kärnten;30104;697;27926;96;15;711306;223558;487748
2021-03-06T09:30:00+01:00;3;Niederösterreich;77155;1377;70009;368;87;3693241;1186373;2506868
2021-03-06T09:30:00+01:00;4;Oberösterreich;88125;1522;83875;135;23;2407310;556843;1850467
2021-03-06T09:30:00+01:00;5;Salzburg;38318;501;35931;81;13;931315;281493;649822
2021-03-06T09:30:00+01:00;6;Steiermark;57508;1775;52788;212;36;1966099;517914;1448185
2021-03-06T09:30:00+01:00;7;Tirol;48813;583;46855;87;23;1604167;597648;1006519
2021-03-06T09:30:00+01:00;8;Vorarlberg;24103;277;23375;26;4;896689;304480;592209
2021-03-06T09:30:00+01:00;9;Wien;95590;1720;88540;392;107;3471274;1829876;1641398
2021-03-06T09:30:00+01:00;10;Österreich;472871;8694;441309;1451;322;16374288;5657696;10716592
2021-03-07T09:30:00+01:00;1;Burgenland;13246;242;12092;59;13;694733;160380;534353
2021-03-07T09:30:00+01:00;2;Kärnten;30205;699;28075;98;16;711909;224122;487787
2021-03-07T09:30:00+01:00;3;Niederösterreich;77715;1384;70476;355;84;3738592;1195621;2542971
2021-03-07T09:30:00+01:00;4;Oberösterreich;88463;1527;84179;136;21;2428659;558448;1870211
2021-03-07T09:30:00+01:00;5;Salzburg;38463;503;36087;82;11;939879;282427;657452
2021-03-07T09:30:00+01:00;6;Steiermark;57770;1775;53077;214;34;1993544;520159;1473385
2021-03-07T09:30:00+01:00;7;Tirol;48894;583;46953;82;22;1619308;599943;1019365
2021-03-07T09:30:00+01:00;8;Vorarlberg;24125;278;23413;27;4;904537;305649;598888
2021-03-07T09:30:00+01:00;9;Wien;96189;1722;88800;394;109;3501971;1836430;1665541
2021-03-07T09:30:00+01:00;10;Österreich;475070;8713;443152;1447;314;16533132;5683179;10849953
2021-03-08T09:30:00+01:00;1;Burgenland;13272;243;12122;66;12;705722;160835;544887
2021-03-08T09:30:00+01:00;2;Kärnten;30253;700;28266;97;17;713785;225967;487818
2021-03-08T09:30:00+01:00;3;Niederösterreich;78190;1392;70940;365;85;3765805;1203769;2562036
2021-03-08T09:30:00+01:00;4;Oberösterreich;88743;1527;84530;148;24;2452634;560051;1892583
2021-03-08T09:30:00+01:00;5;Salzburg;38561;502;36210;90;14;947009;283512;663497
2021-03-08T09:30:00+01:00;6;Steiermark;58032;1778;53325;221;36;1996501;523116;1473385
2021-03-08T09:30:00+01:00;7;Tirol;49010;583;47045;85;21;1633325;602260;1031065
2021-03-08T09:30:00+01:00;8;Vorarlberg;24147;278;23446;28;4;911122;306153;604969
2021-03-08T09:30:00+01:00;9;Wien;96772;1729;89148;422;118;3529309;1842699;1686610
2021-03-08T09:30:00+01:00;10;Österreich;476980;8732;445032;1522;331;16655212;5708362;10946850
2021-03-09T09:30:00+01:00;1;Burgenland;13457;245;12170;71;11;716398;161608;554790
2021-03-09T09:30:00+01:00;2;Kärnten;30468;702;28403;99;15;763750;227722;536028
2021-03-09T09:30:00+01:00;3;Niederösterreich;78695;1397;71392;394;82;3824765;1209202;2615563
2021-03-09T09:30:00+01:00;4;Oberösterreich;89066;1528;84825;146;26;2517626;562396;1955230
2021-03-09T09:30:00+01:00;5;Salzburg;38795;505;36361;93;14;982741;284782;697959
2021-03-09T09:30:00+01:00;6;Steiermark;58430;1781;53565;242;38;2066437;526879;1539558
2021-03-09T09:30:00+01:00;7;Tirol;49147;585;47158;93;22;1645194;605377;1039817
2021-03-09T09:30:00+01:00;8;Vorarlberg;24187;278;23486;28;4;926254;306739;619515
2021-03-09T09:30:00+01:00;9;Wien;97146;1736;89681;445;126;3607954;1893903;1714051
2021-03-09T09:30:00+01:00;10;Österreich;479391;8757;447041;1611;338;17051119;5778608;11272511
2021-03-10T09:30:00+01:00;1;Burgenland;13570;245;12214;71;10;725692;162864;562828
2021-03-10T09:30:00+01:00;2;Kärnten;30647;705;28500;99;15;780153;228854;551299
2021-03-10T09:30:00+01:00;3;Niederösterreich;79242;1401;71880;379;75;3885068;1214172;2670896
2021-03-10T09:30:00+01:00;4;Oberösterreich;89528;1531;85068;152;25;2560979;564876;1996103
2021-03-10T09:30:00+01:00;5;Salzburg;39025;505;36490;103;13;1001876;286638;715238
2021-03-10T09:30:00+01:00;6;Steiermark;58715;1785;53809;246;34;2117895;529564;1588331
2021-03-10T09:30:00+01:00;7;Tirol;49258;585;47272;87;19;1656543;608527;1048016
2021-03-10T09:30:00+01:00;8;Vorarlberg;24242;278;23546;25;4;940650;308199;632451
2021-03-10T09:30:00+01:00;9;Wien;97692;1741;90274;443;120;3660447;1924329;1736118
2021-03-10T09:30:00+01:00;10;Österreich;481919;8776;449053;1605;315;17329303;5828023;11501280
2021-03-11T09:30:00+01:00;1;Burgenland;13704;245;12289;76;12;735955;163979;571976
2021-03-11T09:30:00+01:00;2;Kärnten;30822;707;28582;91;15;780828;229447;551381
2021-03-11T09:30:00+01:00;3;Niederösterreich;79893;1406;72269;389;76;3930268;1226953;2703315
2021-03-11T09:30:00+01:00;4;Oberösterreich;89976;1536;85315;152;28;2617695;567105;2050590
2021-03-11T09:30:00+01:00;5;Salzburg;39279;505;36635;100;13;1023271;288373;734898
2021-03-11T09:30:00+01:00;6;Steiermark;59032;1787;54062;246;39;2145853;532499;1613354
2021-03-11T09:30:00+01:00;7;Tirol;49476;585;47396;86;21;1669705;612427;1057278
2021-03-11T09:30:00+01:00;8;Vorarlberg;24292;278;23579;19;4;953849;309421;644428
2021-03-11T09:30:00+01:00;9;Wien;98442;1749;90735;437;121;3691533;1948622;1742911
2021-03-11T09:30:00+01:00;10;Österreich;484916;8798;450862;1596;329;17548957;5878826;11670131
2021-03-12T09:30:00+01:00;1;Burgenland;13814;247;12354;73;15;745729;164996;580733
2021-03-12T09:30:00+01:00;2;Kärnten;31021;711;28782;92;17;782016;230545;551471
2021-03-12T09:30:00+01:00;3;Niederösterreich;80525;1420;72633;396;79;4004202;1237497;2766705
2021-03-12T09:30:00+01:00;4;Oberösterreich;90441;1538;85588;161;30;2658827;569777;2089050
2021-03-12T09:30:00+01:00;5;Salzburg;39467;507;36824;100;17;1042456;289875;752581
2021-03-12T09:30:00+01:00;6;Steiermark;59357;1791;54252;233;42;2174570;533535;1641035
2021-03-12T09:30:00+01:00;7;Tirol;49678;585;47528;92;24;1762040;616766;1145274
2021-03-12T09:30:00+01:00;8;Vorarlberg;24328;278;23613;17;4;968333;310843;657490
2021-03-12T09:30:00+01:00;9;Wien;99411;1754;91504;445;120;3768674;1982707;1785967
2021-03-12T09:30:00+01:00;10;Österreich;488042;8831;453078;1609;348;17906847;5936541;11970306
2021-03-13T09:30:00+01:00;1;Burgenland;13934;247;12436;74;15;765111;165863;599248
2021-03-13T09:30:00+01:00;2;Kärnten;31223;715;28945;90;16;783011;231450;551561
2021-03-13T09:30:00+01:00;3;Niederösterreich;81170;1428;73245;385;82;4079284;1250051;2829233
2021-03-13T09:30:00+01:00;4;Oberösterreich;90871;1538;85912;172;34;2699892;572111;2127781
2021-03-13T09:30:00+01:00;5;Salzburg;39728;511;36970;99;18;1065238;291240;773998
2021-03-13T09:30:00+01:00;6;Steiermark;59787;1793;54453;235;38;2215308;539493;1675815
2021-03-13T09:30:00+01:00;7;Tirol;49867;585;47651;97;25;1780612;620933;1159679
2021-03-13T09:30:00+01:00;8;Vorarlberg;24356;278;23655;16;4;982335;312309;670026
2021-03-13T09:30:00+01:00;9;Wien;100129;1761;92004;471;128;3807817;1994653;1813164
2021-03-13T09:30:00+01:00;10;Österreich;491065;8856;455271;1639;360;18178608;5978103;12200505
2021-03-14T09:30:00+01:00;1;Burgenland;14013;248;12497;74;15;772126;166899;605227
2021-03-14T09:30:00+01:00;2;Kärnten;31352;716;29112;96;16;783426;231848;551578
2021-03-14T09:30:00+01:00;3;Niederösterreich;81839;1434;73772;380;87;4130698;1259580;2871118
2021-03-14T09:30:00+01:00;4;Oberösterreich;91266;1542;86314;184;35;2722516;574282;2148234
2021-03-14T09:30:00+01:00;5;Salzburg;39899;511;37116;100;16;1075448;292294;783154
2021-03-14T09:30:00+01:00;6;Steiermark;60080;1795;54652;231;36;2243171;541719;1701452
2021-03-14T09:30:00+01:00;7;Tirol;50029;585;47762;101;25;1794959;624658;1170301
2021-03-14T09:30:00+01:00;8;Vorarlberg;24382;278;23710;17;4;990424;313553;676871
2021-03-14T09:30:00+01:00;9;Wien;100708;1764;92331;478;126;3833275;1999834;1833441
2021-03-14T09:30:00+01:00;10;Österreich;493568;8873;457266;1661;360;18346043;6004667;12341376
2021-03-15T09:30:00+01:00;1;Burgenland;14110;248;12567;72;16;778154;167469;610685
2021-03-15T09:30:00+01:00;2;Kärnten;31446;717;29289;101;16;785396;233795;551601
2021-03-15T09:30:00+01:00;3;Niederösterreich;82186;1441;74314;400;85;4167187;1267556;2899631
2021-03-15T09:30:00+01:00;4;Oberösterreich;91549;1543;86675;208;41;2749652;576547;2173105
2021-03-15T09:30:00+01:00;5;Salzburg;40064;515;37285;98;14;1077012;293760;783252
2021-03-15T09:30:00+01:00;6;Steiermark;60325;1800;54855;246;33;2247450;545998;1701452
2021-03-15T09:30:00+01:00;7;Tirol;50178;585;47906;105;23;1811508;629138;1182370
2021-03-15T09:30:00+01:00;8;Vorarlberg;24414;278;23772;15;2;998950;314260;684690
2021-03-15T09:30:00+01:00;9;Wien;101192;1765;92625;514;134;3869837;2005304;1864533
2021-03-15T09:30:00+01:00;10;Österreich;495464;8892;459288;1759;364;18485146;6033827;12451319
2021-03-16T09:30:00+01:00;1;Burgenland;14219;250;12666;79;18;790271;168495;621776
2021-03-16T09:30:00+01:00;2;Kärnten;31547;719;29432;104;17;786786;235099;551687
2021-03-16T09:30:00+01:00;3;Niederösterreich;82694;1450;74895;428;86;4239419;1273437;2965982
2021-03-16T09:30:00+01:00;4;Oberösterreich;91937;1543;87017;214;43;2819376;578865;2240511
2021-03-16T09:30:00+01:00;5;Salzburg;40276;518;37503;98;14;1102571;295314;807257
2021-03-16T09:30:00+01:00;6;Steiermark;60647;1802;55088;259;36;2345419;549514;1795905
2021-03-16T09:30:00+01:00;7;Tirol;50388;586;48021;109;24;1826809;634117;1192692
2021-03-16T09:30:00+01:00;8;Vorarlberg;24441;278;23800;15;2;1015789;314912;700877
2021-03-16T09:30:00+01:00;9;Wien;101836;1780;93315;538;143;3914427;2023848;1890579
2021-03-16T09:30:00+01:00;10;Österreich;497985;8926;461737;1844;383;18840867;6073601;12767266
2021-03-17T09:30:00+01:00;1;Burgenland;14301;252;12745;72;18;799358;169159;630199
2021-03-17T09:30:00+01:00;2;Kärnten;31679;723;29526;103;15;870998;236238;634760
2021-03-17T09:30:00+01:00;3;Niederösterreich;83402;1456;75402;430;89;4307909;1280082;3027827
2021-03-17T09:30:00+01:00;4;Oberösterreich;92430;1546;87370;206;46;2851427;580588;2270839
2021-03-17T09:30:00+01:00;5;Salzburg;40563;520;37648;87;18;1122193;297447;824746
2021-03-17T09:30:00+01:00;6;Steiermark;60828;1804;55282;270;45;2396525;551159;1845366
2021-03-17T09:30:00+01:00;7;Tirol;50629;587;48144;106;22;1937323;640101;1297222
2021-03-17T09:30:00+01:00;8;Vorarlberg;24476;278;23832;13;3;1033799;316342;717457
2021-03-17T09:30:00+01:00;9;Wien;102916;1790;93765;564;144;3957995;2045013;1912982
2021-03-17T09:30:00+01:00;10;Österreich;501224;8956;463714;1851;400;19277527;6116129;13161398
2021-03-18T09:30:00+01:00;1;Burgenland;14420;254;12879;71;19;809593;170019;639574
2021-03-18T09:30:00+01:00;2;Kärnten;31871;726;29591;100;16;871799;237039;634760
2021-03-18T09:30:00+01:00;3;Niederösterreich;84057;1462;75805;416;85;4377441;1289028;3088413
2021-03-18T09:30:00+01:00;4;Oberösterreich;92909;1550;87623;210;46;2927953;583231;2344722
2021-03-18T09:30:00+01:00;5;Salzburg;40818;522;37790;85;14;1142497;299314;843183
2021-03-18T09:30:00+01:00;6;Steiermark;61208;1807;55559;263;40;2426106;553683;1872423
2021-03-18T09:30:00+01:00;7;Tirol;50838;588;48292;108;26;1953024;644858;1308166
2021-03-18T09:30:00+01:00;8;Vorarlberg;24525;279;23866;15;3;1064740;331334;733406
2021-03-18T09:30:00+01:00;9;Wien;103935;1794;94579;546;137;4002957;2064415;1938542
2021-03-18T09:30:00+01:00;10;Österreich;504581;8982;465984;1814;386;19576110;6172921;13403189
2021-03-19T09:30:00+01:00;1;Burgenland;14526;257;12935;70;18;823041;170684;652357
2021-03-19T09:30:00+01:00;2;Kärnten;32034;728;29781;91;18;872716;237799;634917
2021-03-19T09:30:00+01:00;3;Niederösterreich;84808;1472;76337;419;82;4452446;1303447;3148999
2021-03-19T09:30:00+01:00;4;Oberösterreich;93465;1556;87967;208;50;2958465;586089;2372376
2021-03-19T09:30:00+01:00;5;Salzburg;41094;523;38021;90;16;1161332;300917;860415
2021-03-19T09:30:00+01:00;6;Steiermark;61707;1814;55813;277;42;2459841;558554;1901287
2021-03-19T09:30:00+01:00;7;Tirol;51074;588;48418;113;24;1969077;649901;1319176
2021-03-19T09:30:00+01:00;8;Vorarlberg;24576;279;23900;17;4;1098690;346817;751873
2021-03-19T09:30:00+01:00;9;Wien;104812;1807;95103;549;143;4049950;2084547;1965403
2021-03-19T09:30:00+01:00;10;Österreich;508096;9024;468275;1834;397;19845558;6238755;13606803
2021-03-20T09:30:00+01:00;1;Burgenland;14634;259;13056;68;16;835606;171866;663740
2021-03-20T09:30:00+01:00;2;Kärnten;32250;730;29953;90;17;873766;238734;635032
2021-03-20T09:30:00+01:00;3;Niederösterreich;85564;1478;77004;415;80;4526483;1314724;3211759
2021-03-20T09:30:00+01:00;4;Oberösterreich;93853;1560;88383;216;52;2991505;588202;2403303
2021-03-20T09:30:00+01:00;5;Salzburg;41344;523;38169;96;20;1184231;302701;881530
2021-03-20T09:30:00+01:00;6;Steiermark;62164;1820;56102;298;45;2493346;560759;1932587
2021-03-20T09:30:00+01:00;7;Tirol;51355;589;48473;115;23;1986242;654513;1331729
2021-03-20T09:30:00+01:00;8;Vorarlberg;24608;279;23842;18;3;1141970;363835;778135
2021-03-20T09:30:00+01:00;9;Wien;105668;1814;95702;528;138;4090443;2094724;1995719
2021-03-20T09:30:00+01:00;10;Österreich;511440;9052;470684;1844;394;20123592;6290058;13833534
2021-03-21T09:30:00+01:00;1;Burgenland;14738;260;13171;64;15;842503;173335;669168
2021-03-21T09:30:00+01:00;2;Kärnten;32356;733;30120;89;19;874442;239351;635091
2021-03-21T09:30:00+01:00;3;Niederösterreich;86219;1484;77651;407;80;4579366;1326016;3253350
2021-03-21T09:30:00+01:00;4;Oberösterreich;94339;1566;88788;230;54;3014683;590380;2424303
2021-03-21T09:30:00+01:00;5;Salzburg;41543;524;38262;99;20;1194163;303841;890322
2021-03-21T09:30:00+01:00;6;Steiermark;62445;1824;56400;291;45;2519857;562317;1957540
2021-03-21T09:30:00+01:00;7;Tirol;51549;589;48721;109;23;1990374;658645;1331729
2021-03-21T09:30:00+01:00;8;Vorarlberg;24641;279;23959;18;2;1182027;388614;793413
2021-03-21T09:30:00+01:00;9;Wien;106323;1815;96285;578;152;4119141;2099208;2019933
2021-03-21T09:30:00+01:00;10;Österreich;514153;9074;473357;1885;410;20316556;6341707;13974849
2021-03-22T09:30:00+01:00;1;Burgenland;14811;261;13241;65;16;849033;173957;675076
2021-03-22T09:30:00+01:00;2;Kärnten;32443;733;30262;94;20;876391;241262;635129
2021-03-22T09:30:00+01:00;3;Niederösterreich;86907;1491;78013;415;84;4617906;1334355;3283551
2021-03-22T09:30:00+01:00;4;Oberösterreich;94593;1568;89192;250;57;3040358;591821;2448537
2021-03-22T09:30:00+01:00;5;Salzburg;41700;524;38339;106;21;1195805;305136;890669
2021-03-22T09:30:00+01:00;6;Steiermark;62710;1824;56691;306;48;2521739;564199;1957540
2021-03-22T09:30:00+01:00;7;Tirol;51746;591;48860;111;24;2019901;664006;1355895
2021-03-22T09:30:00+01:00;8;Vorarlberg;24685;279;23970;19;2;1205686;404002;801684
2021-03-22T09:30:00+01:00;9;Wien;106970;1818;96659;617;165;4149666;2103661;2046005
2021-03-22T09:30:00+01:00;10;Österreich;516565;9089;475227;1983;437;20476485;6382399;14094086
2021-03-23T09:30:00+01:00;1;Burgenland;14914;262;13340;67;16;861558;174679;686879
2021-03-23T09:30:00+01:00;2;Kärnten;32633;733;30463;89;16;929695;242218;687477
2021-03-23T09:30:00+01:00;3;Niederösterreich;87574;1495;78780;428;85;4694800;1339132;3355668
2021-03-23T09:30:00+01:00;4;Oberösterreich;95087;1572;89593;248;57;3088116;594780;2493336
2021-03-23T09:30:00+01:00;5;Salzburg;41944;525;38516;118;19;1232030;306604;925426
2021-03-23T09:30:00+01:00;6;Steiermark;63044;1830;57002;327;51;2572266;568895;2003371
2021-03-23T09:30:00+01:00;7;Tirol;51959;591;49046;117;23;2036946;670212;1366734
2021-03-23T09:30:00+01:00;8;Vorarlberg;24764;280;23995;19;2;1234614;412368;822246
2021-03-23T09:30:00+01:00;9;Wien;108061;1833;97205;636;168;4196267;2122678;2073589
2021-03-23T09:30:00+01:00;10;Österreich;519980;9121;477940;2049;437;20846292;6431566;14414726
2021-03-24T09:30:00+01:00;1;Burgenland;15081;264;13474;71;16;872896;176121;696775
2021-03-24T09:30:00+01:00;2;Kärnten;32781;735;30577;90;15;931134;243164;687970
2021-03-24T09:30:00+01:00;3;Niederösterreich;88257;1501;79292;443;91;4767494;1345120;3422374
2021-03-24T09:30:00+01:00;4;Oberösterreich;95613;1575;90007;263;54;3129752;598002;2531750
2021-03-24T09:30:00+01:00;5;Salzburg;42228;526;38678;115;18;1252911;308780;944131
2021-03-24T09:30:00+01:00;6;Steiermark;63438;1839;57349;325;50;2625970;571728;2054242
2021-03-24T09:30:00+01:00;7;Tirol;52221;591;49243;120;25;2053643;676228;1377415
2021-03-24T09:30:00+01:00;8;Vorarlberg;24792;280;24022;20;2;1273158;431299;841859
2021-03-24T09:30:00+01:00;9;Wien;108858;1840;97955;639;176;4240176;2142874;2097302
2021-03-24T09:30:00+01:00;10;Österreich;523269;9151;480597;2086;447;21147134;6493316;14653818
2021-03-25T09:30:00+01:00;1;Burgenland;15183;267;13569;76;18;884164;177254;706910
2021-03-25T09:30:00+01:00;2;Kärnten;32901;736;30672;92;16;932192;244147;688045
2021-03-25T09:30:00+01:00;3;Niederösterreich;88929;1505;79756;449;94;4855242;1358212;3497030
2021-03-25T09:30:00+01:00;4;Oberösterreich;96058;1577;90314;267;56;3184428;600979;2583449
2021-03-25T09:30:00+01:00;5;Salzburg;42430;529;38907;119;21;1274885;311110;963775
2021-03-25T09:30:00+01:00;6;Steiermark;63667;1843;57688;317;48;2657562;575061;2082501
2021-03-25T09:30:00+01:00;7;Tirol;52468;592;49427;117;25;2178261;681990;1496271
2021-03-25T09:30:00+01:00;8;Vorarlberg;24891;280;24059;20;1;1313899;448492;865407
2021-03-25T09:30:00+01:00;9;Wien;109866;1849;99068;611;167;4284829;2171309;2113520
2021-03-25T09:30:00+01:00;10;Österreich;526393;9178;483460;2068;446;21565462;6568554;14996908
2021-03-26T09:30:00+01:00;1;Burgenland;15304;269;13680;87;19;899869;178434;721435
2021-03-26T09:30:00+01:00;2;Kärnten;33081;737;30808;87;14;933153;245108;688045
2021-03-26T09:30:00+01:00;3;Niederösterreich;89763;1508;80197;456;99;4935497;1369259;3566238
2021-03-26T09:30:00+01:00;4;Oberösterreich;96746;1580;90759;284;64;3218056;604271;2613785
2021-03-26T09:30:00+01:00;5;Salzburg;42621;531;39145;117;22;1295737;312885;982852
2021-03-26T09:30:00+01:00;6;Steiermark;64153;1846;58004;315;54;2663502;578496;2085006
2021-03-26T09:30:00+01:00;7;Tirol;52778;592;49626;134;25;2194887;687087;1507800
2021-03-26T09:30:00+01:00;8;Vorarlberg;24954;280;24083;23;1;1337430;472023;865407
2021-03-26T09:30:00+01:00;9;Wien;110888;1857;99786;648;165;4572963;2109209;2463754
2021-03-26T09:30:00+01:00;10;Österreich;530288;9200;486088;2151;463;22051094;6556772;15494322
2021-03-27T09:30:00+01:00;1;Burgenland;15446;270;13814;94;20;917549;179517;738032
2021-03-27T09:30:00+01:00;2;Kärnten;33265;739;30933;79;17;934164;246030;688134
2021-03-27T09:30:00+01:00;3;Niederösterreich;90294;1514;80961;448;105;5025191;1381885;3643306
2021-03-27T09:30:00+01:00;4;Oberösterreich;97285;1582;91243;280;67;3252545;606881;2645664
2021-03-27T09:30:00+01:00;5;Salzburg;42817;533;39335;120;24;1320211;314792;1005419
2021-03-27T09:30:00+01:00;6;Steiermark;64450;1849;58346;314;58;2698663;580529;2118134
2021-03-27T09:30:00+01:00;7;Tirol;53118;592;49864;137;25;2211937;691486;1520451
2021-03-27T09:30:00+01:00;8;Vorarlberg;25052;280;24103;24;1;1196919;195074;1001845
2021-03-27T09:30:00+01:00;9;Wien;112059;1872;100365;660;187;4637257;2137532;2499725
2021-03-27T09:30:00+01:00;10;Österreich;533786;9231;488964;2156;504;22194436;6333726;15860710
2021-03-28T09:30:00+02:00;1;Burgenland;15556;274;13915;96;25;927611;180786;746825
2021-03-28T09:30:00+02:00;2;Kärnten;33416;740;31130;84;17;934873;246684;688189
2021-03-28T09:30:00+02:00;3;Niederösterreich;90820;1520;81680;435;110;5086477;1388767;3697710
2021-03-28T09:30:00+02:00;4;Oberösterreich;97705;1585;91705;287;69;3276807;609524;2667283
2021-03-28T09:30:00+02:00;5;Salzburg;42904;534;39525;117;23;1331590;315978;1015612
2021-03-28T09:30:00+02:00;6;Steiermark;64736;1850;58661;312;54;2755439;582924;2172515
2021-03-28T09:30:00+02:00;7;Tirol;53355;592;50023;145;29;2229212;696416;1532796
2021-03-28T09:30:00+02:00;8;Vorarlberg;25107;280;24131;25;1;1218096;195695;1022401
2021-03-28T09:30:00+02:00;9;Wien;112866;1881;100849;650;191;4695367;2166958;2528409
2021-03-28T09:30:00+02:00;10;Österreich;536465;9256;491619;2151;519;22455472;6383732;16071740
2021-03-29T09:30:00+02:00;1;Burgenland;15671;275;13986;99;24;934721;181467;753254
2021-03-29T09:30:00+02:00;2;Kärnten;33513;743;31287;84;17;936879;248648;688231
2021-03-29T09:30:00+02:00;3;Niederösterreich;91428;1523;82335;453;113;5124040;1396330;3727710
2021-03-29T09:30:00+02:00;4;Oberösterreich;98065;1587;92218;301;69;3301345;611519;2689826
2021-03-29T09:30:00+02:00;5;Salzburg;43143;534;39708;118;23;1333746;317540;1016206
2021-03-29T09:30:00+02:00;6;Steiermark;65218;1852;58955;310;55;2758920;586405;2172515
2021-03-29T09:30:00+02:00;7;Tirol;53552;593;50230;146;28;2247085;700979;1546106
2021-03-29T09:30:00+02:00;8;Vorarlberg;25171;280;24165;27;1;1231825;196321;1035504
2021-03-29T09:30:00+02:00;9;Wien;113780;1888;101493;689;204;4741699;2182556;2559143
2021-03-29T09:30:00+02:00;10;Österreich;539541;9275;494377;2227;534;22610260;6421765;16188495
2021-03-30T09:30:00+02:00;1;Burgenland;15766;276;14086;91;21;949104;182242;766862
2021-03-30T09:30:00+02:00;2;Kärnten;33665;744;31441;84;16;972454;249536;722918
2021-03-30T09:30:00+02:00;3;Niederösterreich;92245;1530;82976;474;116;5245241;1406001;3839240
2021-03-30T09:30:00+02:00;4;Oberösterreich;98463;1593;92654;319;72;3330249;614299;2715950
2021-03-30T09:30:00+02:00;5;Salzburg;43305;536;39989;121;24;1368198;318944;1049254
2021-03-30T09:30:00+02:00;6;Steiermark;65474;1856;59371;323;59;2805617;589669;2215948
2021-03-30T09:30:00+02:00;7;Tirol;53837;594;50501;157;28;2357712;706629;1651083
2021-03-30T09:30:00+02:00;8;Vorarlberg;25235;280;24225;24;2;1260864;196870;1063994
2021-03-30T09:30:00+02:00;9;Wien;114552;1899;102573;728;206;4803867;2210079;2593788
2021-03-30T09:30:00+02:00;10;Österreich;542542;9308;497816;2321;544;23093306;6474269;16619037
2021-03-31T09:30:00+02:00;1;Burgenland;15939;279;14226;83;19;961060;183395;777665
2021-03-31T09:30:00+02:00;2;Kärnten;33867;746;31599;79;13;990186;250521;739665
2021-03-31T09:30:00+02:00;3;Niederösterreich;93074;1531;83348;481;121;5335669;1414134;3921535
2021-03-31T09:30:00+02:00;4;Oberösterreich;99014;1600;93151;322;71;3367362;616943;2750419
2021-03-31T09:30:00+02:00;5;Salzburg;43498;538;40282;122;23;1388828;320800;1068028
2021-03-31T09:30:00+02:00;6;Steiermark;65889;1860;59791;316;56;2862543;591326;2271217
2021-03-31T09:30:00+02:00;7;Tirol;54122;594;50820;156;26;2376380;712407;1663973
2021-03-31T09:30:00+02:00;8;Vorarlberg;25306;281;24307;23;3;1287471;197522;1089949
2021-03-31T09:30:00+02:00;9;Wien;115520;1910;103592;741;208;4882022;2256011;2626011
2021-03-31T09:30:00+02:00;10;Österreich;546229;9339;501116;2323;540;23451521;6543059;16908462
2021-04-01T09:30:00+02:00;1;Burgenland;16041;281;14333;82;17;974111;184672;789439
2021-04-01T09:30:00+02:00;2;Kärnten;34066;747;31720;83;10;1020563;251514;769049
2021-04-01T09:30:00+02:00;3;Niederösterreich;93783;1540;83586;471;118;5413536;1424498;3989038
2021-04-01T09:30:00+02:00;4;Oberösterreich;99515;1603;93451;326;70;3419985;619390;2800595
2021-04-01T09:30:00+02:00;5;Salzburg;43686;538;40562;117;19;1410452;322479;1087973
2021-04-01T09:30:00+02:00;6;Steiermark;66170;1863;60180;324;54;2894660;593978;2300682
2021-04-01T09:30:00+02:00;7;Tirol;54375;597;51050;149;25;2395114;718645;1676469
2021-04-01T09:30:00+02:00;8;Vorarlberg;25398;281;24378;22;3;1316236;198330;1117906
2021-04-01T09:30:00+02:00;9;Wien;116558;1918;104469;723;215;4960583;2302634;2657949
2021-04-01T09:30:00+02:00;10;Österreich;549592;9368;503729;2297;531;23805240;6616140;17189100
2021-04-02T09:30:00+02:00;1;Burgenland;16155;283;14460;77;18;982101;185541;796560
2021-04-02T09:30:00+02:00;2;Kärnten;34240;749;31879;85;14;1021313;252215;769098
2021-04-02T09:30:00+02:00;3;Niederösterreich;94542;1550;83999;465;118;5481795;1436676;4045119
2021-04-02T09:30:00+02:00;4;Oberösterreich;99988;1603;93937;323;68;3453475;621864;2831611
2021-04-02T09:30:00+02:00;5;Salzburg;43889;540;40767;116;19;1432749;324151;1108598
2021-04-02T09:30:00+02:00;6;Steiermark;66595;1866;60572;326;54;2934598;598097;2336501
2021-04-02T09:30:00+02:00;7;Tirol;54622;597;51306;153;27;2413237;724157;1689080
2021-04-02T09:30:00+02:00;8;Vorarlberg;25470;281;24430;24;1;1341643;199063;1142580
2021-04-02T09:30:00+02:00;9;Wien;117228;1928;105325;725;216;5025512;2344036;2681476
2021-04-02T09:30:00+02:00;10;Österreich;552729;9397;506675;2294;535;24086423;6685800;17400623
2021-04-03T09:30:00+02:00;1;Burgenland;16260;287;14571;81;20;1002217;186445;815772
2021-04-03T09:30:00+02:00;2;Kärnten;34421;749;32020;83;14;1022572;253451;769121
2021-04-03T09:30:00+02:00;3;Niederösterreich;95216;1563;84443;438;121;5559735;1448714;4111021
2021-04-03T09:30:00+02:00;4;Oberösterreich;100369;1610;94477;282;66;3492403;624352;2868051
2021-04-03T09:30:00+02:00;5;Salzburg;44089;541;41019;114;20;1461084;325658;1135426
2021-04-03T09:30:00+02:00;6;Steiermark;66902;1871;60966;330;53;2974104;599886;2374218
2021-04-03T09:30:00+02:00;7;Tirol;54847;597;51589;146;30;2432393;729771;1702622
2021-04-03T09:30:00+02:00;8;Vorarlberg;25566;282;24485;26;1;1377060;199918;1177142
2021-04-03T09:30:00+02:00;9;Wien;118342;1934;105980;697;206;5081347;2377323;2704024
2021-04-03T09:30:00+02:00;10;Österreich;556012;9434;509550;2197;531;24402915;6745518;17657397
2021-04-04T09:30:00+02:00;1;Burgenland;16330;288;14689;75;20;1008849;187349;821500
2021-04-04T09:30:00+02:00;2;Kärnten;34602;749;32177;82;13;1023272;254140;769132
2021-04-04T09:30:00+02:00;3;Niederösterreich;95977;1570;85291;453;121;5627205;1459284;4167921
2021-04-04T09:30:00+02:00;4;Oberösterreich;100794;1615;94980;296;71;3528840;626331;2902509
2021-04-04T09:30:00+02:00;5;Salzburg;44205;541;41220;110;20;1475805;326547;1149258
2021-04-04T09:30:00+02:00;6;Steiermark;67305;1870;61277;311;55;2994313;602646;2391667
2021-04-04T09:30:00+02:00;7;Tirol;55041;597;51857;147;28;2452467;736297;1716170
2021-04-04T09:30:00+02:00;8;Vorarlberg;25631;282;24524;28;3;1404146;200514;1203632
2021-04-04T09:30:00+02:00;9;Wien;118870;1937;106627;711;223;5132574;2407832;2724742
2021-04-04T09:30:00+02:00;10;Österreich;558755;9449;512642;2213;554;24647471;6800940;17846531
2021-04-05T09:30:00+02:00;1;Burgenland;16397;289;14796;82;21;1013451;188113;825338
2021-04-05T09:30:00+02:00;2;Kärnten;34727;750;32353;90;13;1023928;254782;769146
2021-04-05T09:30:00+02:00;3;Niederösterreich;96520;1574;85977;470;123;5667003;1468744;4198259
2021-04-05T09:30:00+02:00;4;Oberösterreich;101188;1622;95566;315;70;3554759;628066;2926693
2021-04-05T09:30:00+02:00;5;Salzburg;44302;542;41386;105;20;1477274;327327;1149947
2021-04-05T09:30:00+02:00;6;Steiermark;67549;1873;61654;326;60;2995783;604116;2391667
2021-04-05T09:30:00+02:00;7;Tirol;55211;597;52060;150;30;2470439;740979;1729460
2021-04-05T09:30:00+02:00;8;Vorarlberg;25657;282;24574;28;3;1407607;200919;1206688
2021-04-05T09:30:00+02:00;9;Wien;119421;1953;107718;746;224;5169561;2427382;2742179
2021-04-05T09:30:00+02:00;10;Österreich;560972;9482;516084;2312;564;24779805;6840428;17939377
2021-04-06T09:30:00+02:00;1;Burgenland;16459;289;14879;83;21;1022796;188567;834229
2021-04-06T09:30:00+02:00;2;Kärnten;34860;750;32353;95;13;1024436;255285;769151
2021-04-06T09:30:00+02:00;3;Niederösterreich;96931;1591;86779;462;116;5724746;1475199;4249547
2021-04-06T09:30:00+02:00;4;Oberösterreich;101510;1628;96035;328;73;3596428;629818;2966610
2021-04-06T09:30:00+02:00;5;Salzburg;44443;543;41611;113;22;1488972;328297;1160675
2021-04-06T09:30:00+02:00;6;Steiermark;67772;1877;62087;342;61;3020536;605935;2414601
2021-04-06T09:30:00+02:00;7;Tirol;55382;597;52327;154;33;2491656;747621;1744035
2021-04-06T09:30:00+02:00;8;Vorarlberg;25688;282;24616;35;6;1426164;201209;1224955
2021-04-06T09:30:00+02:00;9;Wien;119862;1960;108515;783;233;5203615;2435707;2767908
2021-04-06T09:30:00+02:00;10;Österreich;562907;9517;519202;2395;578;24999349;6867638;18131711
2021-04-07T09:30:00+02:00;1;Burgenland;16562;290;14989;91;20;1033403;189366;844037
2021-04-07T09:30:00+02:00;2;Kärnten;35019;753;32686;92;17;1038815;256459;782356
2021-04-07T09:30:00+02:00;3;Niederösterreich;97405;1595;87548;520;126;5801219;1481130;4320089
2021-04-07T09:30:00+02:00;4;Oberösterreich;101967;1631;96481;331;72;3656302;631815;3024487
2021-04-07T09:30:00+02:00;5;Salzburg;44640;543;41856;117;23;1530422;329902;1200520
2021-04-07T09:30:00+02:00;6;Steiermark;68024;1882;62432;359;65;3091240;609540;2481700
2021-04-07T09:30:00+02:00;7;Tirol;55593;598;52610;151;30;2650259;753905;1896354
2021-04-07T09:30:00+02:00;8;Vorarlberg;25806;282;24649;32;7;1458976;210354;1248622
2021-04-07T09:30:00+02:00;9;Wien;120992;1972;109523;762;221;5255361;2473660;2781701
2021-04-07T09:30:00+02:00;10;Österreich;566008;9546;522774;2455;581;25515997;6936131;18579866
2021-04-08T09:30:00+02:00;1;Burgenland;16655;295;15160;93;25;1047236;190519;856717
2021-04-08T09:30:00+02:00;2;Kärnten;35183;755;32780;87;15;1072569;257448;815121
2021-04-08T09:30:00+02:00;3;Niederösterreich;97770;1604;88077;500;123;5879319;1487543;4391776
2021-04-08T09:30:00+02:00;4;Oberösterreich;102471;1632;96804;316;70;3723290;634877;3088413
2021-04-08T09:30:00+02:00;5;Salzburg;44761;545;42061;112;22;1552358;331327;1221031
2021-04-08T09:30:00+02:00;6;Steiermark;68365;1889;62744;362;63;3125254;612388;2512866
2021-04-08T09:30:00+02:00;7;Tirol;55790;603;52858;156;30;2665899;759518;1906381
2021-04-08T09:30:00+02:00;8;Vorarlberg;25904;283;24653;33;7;1482416;211060;1271356
2021-04-08T09:30:00+02:00;9;Wien;122015;1980;110545;757;223;5320157;2518947;2801210
2021-04-08T09:30:00+02:00;10;Österreich;568914;9586;525682;2416;578;25868498;7003627;18864871
2021-04-09T09:30:00+02:00;1;Burgenland;16775;296;15325;92;26;1056992;190718;866274
2021-04-09T09:30:00+02:00;2;Kärnten;35438;757;32967;94;16;1073542;258421;815121
2021-04-09T09:30:00+02:00;3;Niederösterreich;98301;1614;88716;492;121;5950688;1500073;4450615
2021-04-09T09:30:00+02:00;4;Oberösterreich;102929;1634;97342;320;67;3777942;636911;3141031
2021-04-09T09:30:00+02:00;5;Salzburg;44995;545;42267;109;22;1574675;333300;1241375
2021-04-09T09:30:00+02:00;6;Steiermark;68592;1900;63057;346;62;3155878;615068;2540810
2021-04-09T09:30:00+02:00;7;Tirol;56032;603;53128;145;31;2680352;764801;1915551
2021-04-09T09:30:00+02:00;8;Vorarlberg;26010;283;24673;34;9;1506813;211873;1294940
2021-04-09T09:30:00+02:00;9;Wien;122544;1992;111716;762;226;5384956;2568944;2816012
2021-04-09T09:30:00+02:00;10;Österreich;571616;9624;529191;2394;580;26161838;7080109;19081729
2021-04-10T09:30:00+02:00;1;Burgenland;16849;299;15440;93;24;1074010;192082;881928
2021-04-10T09:30:00+02:00;2;Kärnten;35667;759;33181;92;14;1074447;259287;815160
2021-04-10T09:30:00+02:00;3;Niederösterreich;98859;1625;89572;490;120;6031253;1512942;4518311
2021-04-10T09:30:00+02:00;4;Oberösterreich;103453;1638;97825;302;66;3815087;639278;3175809
2021-04-10T09:30:00+02:00;5;Salzburg;45192;545;42470;105;25;1599158;334662;1264496
2021-04-10T09:30:00+02:00;6;Steiermark;69040;1907;63406;338;60;3192321;617164;2575157
2021-04-10T09:30:00+02:00;7;Tirol;56210;604;53402;146;34;2696118;769685;1926433
2021-04-10T09:30:00+02:00;8;Vorarlberg;26107;284;24720;34;8;1541976;212752;1329224
2021-04-10T09:30:00+02:00;9;Wien;123378;2001;112523;759;235;5453864;2613347;2840517
2021-04-10T09:30:00+02:00;10;Österreich;574755;9662;532539;2359;586;26478234;7151199;19327035
2021-04-11T09:30:00+02:00;1;Burgenland;16901;300;15542;81;23;1080084;192865;887219
2021-04-11T09:30:00+02:00;2;Kärnten;35785;760;33396;94;14;1075064;259873;815191
2021-04-11T09:30:00+02:00;3;Niederösterreich;99396;1630;90373;484;125;6091597;1522522;4569075
2021-04-11T09:30:00+02:00;4;Oberösterreich;103874;1641;98321;299;68;3838614;641239;3197375
2021-04-11T09:30:00+02:00;5;Salzburg;45308;546;42649;110;25;1609352;335478;1273874
2021-04-11T09:30:00+02:00;6;Steiermark;69324;1912;63690;312;58;3218761;619362;2599399
2021-04-11T09:30:00+02:00;7;Tirol;56331;605;53592;138;35;2710948;772907;1938041
2021-04-11T09:30:00+02:00;8;Vorarlberg;26198;285;24798;35;11;1561244;213437;1347807
2021-04-11T09:30:00+02:00;9;Wien;123890;2008;113437;752;243;5493411;2636299;2857112
2021-04-11T09:30:00+02:00;10;Österreich;577007;9687;535798;2305;602;26679075;7193982;19485093
2021-04-12T09:30:00+02:00;1;Burgenland;16938;300;15600;87;22;1088980;193387;895593
2021-04-12T09:30:00+02:00;2;Kärnten;35906;760;33565;92;13;1075839;260607;815232
2021-04-12T09:30:00+02:00;3;Niederösterreich;99810;1633;91005;492;132;6150105;1532200;4617905
2021-04-12T09:30:00+02:00;4;Oberösterreich;104191;1643;98740;322;73;3867780;642839;3224941
2021-04-12T09:30:00+02:00;5;Salzburg;45347;546;42792;105;25;1610352;336166;1274186
2021-04-12T09:30:00+02:00;6;Steiermark;69540;1914;63978;311;59;3219891;620492;2599399
2021-04-12T09:30:00+02:00;7;Tirol;56519;605;53865;137;32;2730185;777665;1952520
2021-04-12T09:30:00+02:00;8;Vorarlberg;26269;285;24855;38;10;1570346;214084;1356262
2021-04-12T09:30:00+02:00;9;Wien;124430;2020;114209;778;245;5535105;2654569;2880536
2021-04-12T09:30:00+02:00;10;Österreich;578950;9706;538609;2362;611;26848583;7232009;19616574
2021-04-13T09:30:00+02:00;1;Burgenland;17004;302;15701;85;21;1103951;194033;909918
2021-04-13T09:30:00+02:00;2;Kärnten;36063;761;33748;83;13;1078270;262976;815294
2021-04-13T09:30:00+02:00;3;Niederösterreich;100258;1644;91646;496;132;6231831;1540451;4691380
2021-04-13T09:30:00+02:00;4;Oberösterreich;104567;1649;99159;298;74;3919154;645042;3274112
2021-04-13T09:30:00+02:00;5;Salzburg;45503;547;43025;110;27;1643547;337913;1305634
2021-04-13T09:30:00+02:00;6;Steiermark;69803;1918;64289;360;61;3268387;622791;2645596
2021-04-13T09:30:00+02:00;7;Tirol;56749;607;54113;137;33;2745213;782826;1962387
2021-04-13T09:30:00+02:00;8;Vorarlberg;26367;285;24928;38;9;1595090;214938;1380152
2021-04-13T09:30:00+02:00;9;Wien;124949;2035;115177;780;229;5612418;2699569;2912849
2021-04-13T09:30:00+02:00;10;Österreich;581263;9748;541786;2387;599;27197861;7300539;19897322
2021-04-14T09:30:00+02:00;1;Burgenland;17092;303;15796;85;27;1114375;195012;919363
2021-04-14T09:30:00+02:00;2;Kärnten;36276;765;33881;87;14;1133191;264027;869164
2021-04-14T09:30:00+02:00;3;Niederösterreich;100620;1651;92346;460;127;6293966;1547429;4746537
2021-04-14T09:30:00+02:00;4;Oberösterreich;105091;1655;99561;297;70;3956051;647628;3308423
2021-04-14T09:30:00+02:00;5;Salzburg;45685;548;43221;110;27;1661810;339601;1322209
2021-04-14T09:30:00+02:00;6;Steiermark;70153;1923;64638;337;56;3323246;628255;2694991
2021-04-14T09:30:00+02:00;7;Tirol;56993;608;54321;131;31;2915780;788036;2127744
2021-04-14T09:30:00+02:00;8;Vorarlberg;26458;285;25010;35;11;1615633;215594;1400039
2021-04-14T09:30:00+02:00;9;Wien;125837;2041;116215;758;223;5689086;2749355;2939731
2021-04-14T09:30:00+02:00;10;Österreich;584205;9779;544989;2300;586;27703138;7374937;20328201
2021-04-15T09:30:00+02:00;1;Burgenland;17161;308;15927;79;28;1124722;195989;928733
2021-04-15T09:30:00+02:00;2;Kärnten;36431;768;34005;84;15;1134988;265061;869927
2021-04-15T09:30:00+02:00;3;Niederösterreich;101080;1658;92967;449;123;6372472;1559584;4812888
2021-04-15T09:30:00+02:00;4;Oberösterreich;105646;1661;99943;272;64;4017569;650147;3367422
2021-04-15T09:30:00+02:00;5;Salzburg;45842;548;43390;97;23;1680364;341302;1339062
2021-04-15T09:30:00+02:00;6;Steiermark;70414;1925;64931;333;57;3350944;630804;2720140
2021-04-15T09:30:00+02:00;7;Tirol;57240;609;54488;132;36;2930215;792534;2137681
2021-04-15T09:30:00+02:00;8;Vorarlberg;26570;285;25068;33;10;1638246;216525;1421721
2021-04-15T09:30:00+02:00;9;Wien;126499;2051;116885;718;221;5762561;2794278;2968283
2021-04-15T09:30:00+02:00;10;Österreich;586883;9813;547604;2197;577;28012081;7446224;20565857
2021-04-16T09:30:00+02:00;1;Burgenland;17204;310;16028;77;26;1137008;197129;939879
2021-04-16T09:30:00+02:00;2;Kärnten;36615;770;34157;84;15;1136054;266127;869927
2021-04-16T09:30:00+02:00;3;Niederösterreich;101473;1664;93511;442;126;6442862;1570743;4872119
2021-04-16T09:30:00+02:00;4;Oberösterreich;106018;1666;100255;265;64;4048640;652499;3396141
2021-04-16T09:30:00+02:00;5;Salzburg;45956;551;43523;91;20;1698584;342628;1355956
2021-04-16T09:30:00+02:00;6;Steiermark;70788;1928;65192;295;55;3378556;632973;2745583
2021-04-16T09:30:00+02:00;7;Tirol;57477;610;54668;133;37;2944140;796670;2147470
2021-04-16T09:30:00+02:00;8;Vorarlberg;26652;285;25137;29;9;1661149;217215;1443934
2021-04-16T09:30:00+02:00;9;Wien;127116;2059;117999;706;206;5851627;2854118;2997509
2021-04-16T09:30:00+02:00;10;Österreich;589299;9843;550470;2122;558;28298620;7530102;20768518
2021-04-17T09:30:00+02:00;1;Burgenland;17238;310;16103;69;26;1154895;197915;956980
2021-04-17T09:30:00+02:00;2;Kärnten;36784;774;34352;83;15;1137011;267048;869963
2021-04-17T09:30:00+02:00;3;Niederösterreich;101957;1669;94052;429;124;6520787;1582013;4938774
2021-04-17T09:30:00+02:00;4;Oberösterreich;106490;1668;100731;262;66;4084120;655064;3429056
2021-04-17T09:30:00+02:00;5;Salzburg;46124;552;43650;90;20;1720004;343055;1376949
2021-04-17T09:30:00+02:00;6;Steiermark;70614;1932;65161;290;56;3416045;635057;2780988
2021-04-17T09:30:00+02:00;7;Tirol;57713;610;54857;135;38;2959494;801051;2158443
2021-04-17T09:30:00+02:00;8;Vorarlberg;26734;285;25186;27;9;1696208;218209;1477999
2021-04-17T09:30:00+02:00;9;Wien;127693;2070;118527;693;194;5927405;2899267;3028138
2021-04-17T09:30:00+02:00;10;Österreich;591347;9870;552619;2078;548;28615969;7598679;21017290
2021-04-18T09:30:00+02:00;1;Burgenland;17283;312;16178;63;26;1163700;198548;965152
2021-04-18T09:30:00+02:00;2;Kärnten;36932;776;34519;81;12;1137889;267899;869990
2021-04-18T09:30:00+02:00;3;Niederösterreich;102362;1675;94686;419;123;6575467;1592651;4982816
2021-04-18T09:30:00+02:00;4;Oberösterreich;106877;1670;101219;271;67;4105264;657015;3448249
2021-04-18T09:30:00+02:00;5;Salzburg;46222;553;43799;91;22;1730191;344745;1385446
2021-04-18T09:30:00+02:00;6;Steiermark;70872;1934;65406;285;57;3441078;636705;2804373
2021-04-18T09:30:00+02:00;7;Tirol;57893;610;55060;123;36;2972051;804834;2167217
2021-04-18T09:30:00+02:00;8;Vorarlberg;26802;285;25273;28;9;1714868;218906;1495962
2021-04-18T09:30:00+02:00;9;Wien;128180;2083;119078;650;194;5983389;2929580;3053809
2021-04-18T09:30:00+02:00;10;Österreich;593423;9898;555218;2011;546;28823897;7650883;21173014
2021-04-19T09:30:00+02:00;1;Burgenland;17333;313;16235;63;25;1171788;199123;972665
2021-04-19T09:30:00+02:00;2;Kärnten;37026;776;34722;82;17;1138933;268927;870006
2021-04-19T09:30:00+02:00;3;Niederösterreich;102673;1678;95149;441;117;6650205;1601724;5048481
2021-04-19T09:30:00+02:00;4;Oberösterreich;107209;1674;101695;280;70;4134116;658828;3475288
2021-04-19T09:30:00+02:00;5;Salzburg;46313;553;43937;99;24;1731233;345588;1385645
2021-04-19T09:30:00+02:00;6;Steiermark;71114;1940;65684;288;55;3442908;638535;2804373
2021-04-19T09:30:00+02:00;7;Tirol;58091;610;55208;122;37;2988916;809010;2179906
2021-04-19T09:30:00+02:00;8;Vorarlberg;26931;285;25318;33;10;1723374;219697;1503677
2021-04-19T09:30:00+02:00;9;Wien;128850;2093;119519;692;215;6033077;2946385;3086692
2021-04-19T09:30:00+02:00;10;Österreich;595540;9922;557467;2100;570;29014550;7687817;21326733
2021-04-20T09:30:00+02:00;1;Burgenland;17363;317;16299;67;26;1189714;199704;990010
2021-04-20T09:30:00+02:00;2;Kärnten;37197;778;34894;77;18;1139991;269985;870006
2021-04-20T09:30:00+02:00;3;Niederösterreich;102895;1686;95640;436;118;6730991;1608879;5122112
2021-04-20T09:30:00+02:00;4;Oberösterreich;107543;1679;102176;265;67;4185277;661486;3523791
2021-04-20T09:30:00+02:00;5;Salzburg;46515;555;44108;96;23;1761166;347324;1413842
2021-04-20T09:30:00+02:00;6;Steiermark;71427;1945;65968;303;51;3479116;642020;2837096
2021-04-20T09:30:00+02:00;7;Tirol;58386;612;55380;128;39;3003253;813888;2189365
2021-04-20T09:30:00+02:00;8;Vorarlberg;27036;285;25378;38;12;1749147;220584;1528563
2021-04-20T09:30:00+02:00;9;Wien;129204;2102;120649;702;211;6096511;2984751;3111760
2021-04-20T09:30:00+02:00;10;Österreich;597566;9959;560492;2112;565;29335166;7748621;21586545
2021-04-21T09:30:00+02:00;1;Burgenland;17431;319;16401;67;24;1202809;200292;1002517
2021-04-21T09:30:00+02:00;2;Kärnten;37344;781;35030;79;19;1202792;272272;930520
2021-04-21T09:30:00+02:00;3;Niederösterreich;103246;1692;96080;418;116;6790389;1616859;5173530
2021-04-21T09:30:00+02:00;4;Oberösterreich;108030;1683;102552;250;64;4240167;664034;3576133
2021-04-21T09:30:00+02:00;5;Salzburg;46710;557;44279;96;22;1518728;348700;1170028
2021-04-21T09:30:00+02:00;6;Steiermark;71811;1954;66238;289;51;3564343;646316;2918027
2021-04-21T09:30:00+02:00;7;Tirol;58650;613;55551;122;38;3129479;818608;2310871
2021-04-21T09:30:00+02:00;8;Vorarlberg;27142;287;25453;36;14;1773612;221386;1552226
2021-04-21T09:30:00+02:00;9;Wien;129725;2111;121672;652;209;6175290;3044452;3130838
2021-04-21T09:30:00+02:00;10;Österreich;600089;9997;563256;2009;557;29597609;7832919;21764690
2021-04-22T09:30:00+02:00;1;Burgenland;17473;319;16481;62;25;1214446;200475;1013971
2021-04-22T09:30:00+02:00;2;Kärnten;37421;783;35152;75;19;1204349;273237;931112
2021-04-22T09:30:00+02:00;3;Niederösterreich;103533;1693;96546;397;113;6876060;1628799;5247261
2021-04-22T09:30:00+02:00;4;Oberösterreich;108520;1688;102906;258;61;4293292;666284;3627008
2021-04-22T09:30:00+02:00;5;Salzburg;46799;558;44454;87;19;1532902;350537;1182365
2021-04-22T09:30:00+02:00;6;Steiermark;72201;1958;66487;274;48;3598517;648566;2949951
2021-04-22T09:30:00+02:00;7;Tirol;58882;613;55750;110;37;3142482;822862;2319620
2021-04-22T09:30:00+02:00;8;Vorarlberg;27280;288;25536;38;11;1798832;222269;1576563
2021-04-22T09:30:00+02:00;9;Wien;130385;2126;122201;643;194;6244690;3092399;3152291
2021-04-22T09:30:00+02:00;10;Österreich;602494;10026;565513;1944;527;29905570;7905428;22000142
2021-04-23T09:30:00+02:00;1;Burgenland;17526;321;16552;62;25;1231480;201562;1029918
2021-04-23T09:30:00+02:00;2;Kärnten;37551;784;35291;67;17;1205413;274301;931112
2021-04-23T09:30:00+02:00;3;Niederösterreich;103918;1696;97003;389;114;6935793;1637977;5297816
2021-04-23T09:30:00+02:00;4;Oberösterreich;108933;1691;103304;239;62;4327249;669163;3658086
2021-04-23T09:30:00+02:00;5;Salzburg;46928;558;44598;84;19;1546930;352320;1194610
2021-04-23T09:30:00+02:00;6;Steiermark;72558;1965;66828;259;45;3631516;651527;2979989
2021-04-23T09:30:00+02:00;7;Tirol;59088;614;56002;108;34;3156998;827453;2329545
2021-04-23T09:30:00+02:00;8;Vorarlberg;27446;288;25600;40;10;1825998;223510;1602488
2021-04-23T09:30:00+02:00;9;Wien;130875;2138;123035;618;191;6325084;3150598;3174486
2021-04-23T09:30:00+02:00;10;Österreich;604823;10055;568213;1866;517;30186461;7988411;22198050
2021-04-24T09:30:00+02:00;1;Burgenland;17571;322;16611;60;26;1248424;203871;1044553
2021-04-24T09:30:00+02:00;2;Kärnten;37691;786;35477;63;18;1206460;275290;931170
2021-04-24T09:30:00+02:00;3;Niederösterreich;104250;1699;97475;370;111;7012894;1647745;5365149
2021-04-24T09:30:00+02:00;4;Oberösterreich;109363;1691;103782;227;64;4361230;671358;3689872
2021-04-24T09:30:00+02:00;5;Salzburg;47035;558;44730;81;20;1564143;353228;1210915
2021-04-24T09:30:00+02:00;6;Steiermark;72868;1968;67109;276;45;3668920;653834;3015086
2021-04-24T09:30:00+02:00;7;Tirol;59258;616;56254;105;33;3172521;832538;2339983
2021-04-24T09:30:00+02:00;8;Vorarlberg;27565;288;25699;36;8;1862837;224465;1638372
2021-04-24T09:30:00+02:00;9;Wien;131353;2142;123547;627;182;6391625;3192843;3198782
2021-04-24T09:30:00+02:00;10;Österreich;606954;10070;570684;1845;507;30489054;8055172;22433882
2021-04-25T09:30:00+02:00;1;Burgenland;17608;322;16702;60;26;1254623;204591;1050032
2021-04-25T09:30:00+02:00;2;Kärnten;37793;788;35640;75;19;1207518;276321;931197
2021-04-25T09:30:00+02:00;3;Niederösterreich;104568;1703;98016;357;111;7058283;1656270;5402013
2021-04-25T09:30:00+02:00;4;Oberösterreich;109764;1693;104269;232;65;4381457;673415;3708042
2021-04-25T09:30:00+02:00;5;Salzburg;47153;559;44845;72;20;1572482;354166;1218316
2021-04-25T09:30:00+02:00;6;Steiermark;73155;1970;67414;260;45;3693524;655814;3037710
2021-04-25T09:30:00+02:00;7;Tirol;59423;616;56443;102;34;3184728;835790;2348938
2021-04-25T09:30:00+02:00;8;Vorarlberg;27731;288;25739;35;7;1883502;225483;1658019
2021-04-25T09:30:00+02:00;9;Wien;131784;2148;124087;593;195;6452495;3235451;3217044
2021-04-25T09:30:00+02:00;10;Österreich;608979;10087;573155;1786;522;30688612;8117301;22571311
2021-04-26T09:30:00+02:00;1;Burgenland;17625;323;16734;58;25;1263842;205175;1058667
2021-04-26T09:30:00+02:00;2;Kärnten;37889;788;35765;81;20;1208264;277020;931244
2021-04-26T09:30:00+02:00;3;Niederösterreich;104817;1706;98391;361;115;7094047;1663300;5430747
2021-04-26T09:30:00+02:00;4;Oberösterreich;110010;1693;104688;246;67;4409268;675453;3733815
2021-04-26T09:30:00+02:00;5;Salzburg;47240;560;44970;73;17;1573674;355187;1218487
2021-04-26T09:30:00+02:00;6;Steiermark;73448;1971;67656;272;49;3695653;657943;3037710
2021-04-26T09:30:00+02:00;7;Tirol;59549;616;56626;105;33;3201879;839405;2362474
2021-04-26T09:30:00+02:00;8;Vorarlberg;27847;289;25781;37;8;1895824;226219;1669605
2021-04-26T09:30:00+02:00;9;Wien;132120;2152;124606;591;183;6493900;3251340;3242560
2021-04-26T09:30:00+02:00;10;Österreich;610545;10098;575217;1824;517;30836351;8151042;22685309
2021-04-27T09:30:00+02:00;1;Burgenland;17668;323;16785;62;24;1276822;205738;1071084
2021-04-27T09:30:00+02:00;2;Kärnten;38000;790;35960;74;22;1208866;277596;931270
2021-04-27T09:30:00+02:00;3;Niederösterreich;104982;1709;98739;375;110;7154029;1668081;5485948
2021-04-27T09:30:00+02:00;4;Oberösterreich;110313;1694;105147;246;67;4459169;677635;3781534
2021-04-27T09:30:00+02:00;5;Salzburg;47472;563;45126;77;19;1600367;356773;1243594
2021-04-27T09:30:00+02:00;6;Steiermark;73727;1974;68019;291;52;3750005;660673;3089332
2021-04-27T09:30:00+02:00;7;Tirol;59753;618;56817;106;32;3328477;843909;2484568
2021-04-27T09:30:00+02:00;8;Vorarlberg;27959;292;25890;37;8;1924083;227129;1696954
2021-04-27T09:30:00+02:00;9;Wien;132296;2163;125494;629;186;6561234;3298593;3262641
2021-04-27T09:30:00+02:00;10;Österreich;612170;10126;577977;1897;520;31263052;8216127;23046925
2021-04-28T09:30:00+02:00;1;Burgenland;17700;323;16832;60;21;1291681;206442;1085239
2021-04-28T09:30:00+02:00;2;Kärnten;38155;791;36098;57;16;1161128;280360;880768
2021-04-28T09:30:00+02:00;3;Niederösterreich;105391;1713;99136;348;107;7208320;1674195;5534125
2021-04-28T09:30:00+02:00;4;Oberösterreich;110663;1697;105504;226;64;4389973;680107;3709866
2021-04-28T09:30:00+02:00;5;Salzburg;47632;564;45283;79;19;1613703;358134;1255569
2021-04-28T09:30:00+02:00;6;Steiermark;74032;1978;68230;304;55;3708703;663225;3045478
2021-04-28T09:30:00+02:00;7;Tirol;59981;619;57096;109;33;3340308;848486;2491822
2021-04-28T09:30:00+02:00;8;Vorarlberg;28082;292;25995;36;8;1950206;228431;1721775
2021-04-28T09:30:00+02:00;9;Wien;132874;2175;126156;577;193;6653687;3367080;3286607
2021-04-28T09:30:00+02:00;10;Österreich;614510;10152;580330;1796;516;31317709;8306460;23011249
2021-04-29T09:30:00+02:00;1;Burgenland;17749;323;16886;61;21;1300878;207208;1093670
2021-04-29T09:30:00+02:00;2;Kärnten;38282;792;36233;60;13;1164016;281243;882773
2021-04-29T09:30:00+02:00;3;Niederösterreich;105672;1716;99497;328;102;7268736;1684338;5584398
2021-04-29T09:30:00+02:00;4;Oberösterreich;111077;1698;105844;215;62;4444219;682620;3761599
2021-04-29T09:30:00+02:00;5;Salzburg;47819;564;45419;95;32;1628525;359739;1268786
2021-04-29T09:30:00+02:00;6;Steiermark;74367;1984;68525;296;57;3742240;668175;3074065
2021-04-29T09:30:00+02:00;7;Tirol;60191;621;57291;103;32;3361451;852764;2508687
2021-04-29T09:30:00+02:00;8;Vorarlberg;28248;292;26107;36;9;1976810;229525;1747285
2021-04-29T09:30:00+02:00;9;Wien;133334;2189;126773;538;181;6702849;3395756;3307093
2021-04-29T09:30:00+02:00;10;Österreich;616739;10179;582575;1732;509;31589724;8361368;23228356
2021-04-30T09:30:00+02:00;1;Burgenland;17794;324;16937;52;19;1316161;208076;1108085
2021-04-30T09:30:00+02:00;2;Kärnten;38419;795;36375;56;12;1166943;282148;884795
2021-04-30T09:30:00+02:00;3;Niederösterreich;105930;1717;99866;313;102;7308464;1692649;5615815
2021-04-30T09:30:00+02:00;4;Oberösterreich;111433;1700;106185;206;63;4477521;685211;3792310
2021-04-30T09:30:00+02:00;5;Salzburg;47916;564;45528;89;19;1645400;361401;1283999
2021-04-30T09:30:00+02:00;6;Steiermark;74750;1992;68810;302;54;3778686;671026;3107660
2021-04-30T09:30:00+02:00;7;Tirol;60391;621;57555;102;30;3374877;856819;2518058
2021-04-30T09:30:00+02:00;8;Vorarlberg;28402;294;26171;37;10;2004875;230807;1774068
2021-04-30T09:30:00+02:00;9;Wien;133835;2198;127350;516;192;6819977;3482080;3337897
2021-04-30T09:30:00+02:00;10;Österreich;618870;10205;584777;1673;501;31892904;8470217;23422687
2021-05-01T09:30:00+02:00;1;Burgenland;17835;326;16992;47;18;1339910;208614;1131296
2021-05-01T09:30:00+02:00;2;Kärnten;38508;797;36512;50;8;1197118;283041;914077
2021-05-01T09:30:00+02:00;3;Niederösterreich;106197;1720;100242;294;95;7373844;1701278;5672566
2021-05-01T09:30:00+02:00;4;Oberösterreich;111769;1706;106667;209;62;4510075;687359;3822716
2021-05-01T09:30:00+02:00;5;Salzburg;48012;565;45680;85;22;1665986;362533;1303453
2021-05-01T09:30:00+02:00;6;Steiermark;75048;1997;69146;281;50;3817717;673360;3144357
2021-05-01T09:30:00+02:00;7;Tirol;60536;624;57793;104;29;3388931;860969;2527962
2021-05-01T09:30:00+02:00;8;Vorarlberg;28535;294;26246;37;10;2043302;232607;1810695
2021-05-01T09:30:00+02:00;9;Wien;134045;2204;127837;491;190;6891523;3527538;3363985
2021-05-01T09:30:00+02:00;10;Österreich;620485;10233;587115;1598;484;32228406;8537299;23691107
2021-05-02T09:30:00+02:00;1;Burgenland;17868;326;17032;40;18;1345076;209031;1136045
2021-05-02T09:30:00+02:00;2;Kärnten;38627;797;36638;57;8;1197990;283806;914184
2021-05-02T09:30:00+02:00;3;Niederösterreich;106362;1723;100559;288;93;7405558;1708412;5697146
2021-05-02T09:30:00+02:00;4;Oberösterreich;112058;1706;107131;213;64;4525493;689413;3836080
2021-05-02T09:30:00+02:00;5;Salzburg;48073;565;45826;81;19;1676569;363224;1313345
2021-05-02T09:30:00+02:00;6;Steiermark;75283;2002;69491;263;53;3831785;675232;3156553
2021-05-02T09:30:00+02:00;7;Tirol;60692;624;57992;98;27;3400214;863723;2536491
2021-05-02T09:30:00+02:00;8;Vorarlberg;28622;294;26358;43;10;2063720;233550;1830170
2021-05-02T09:30:00+02:00;9;Wien;134525;2208;128507;483;184;6937569;3551529;3386040
2021-05-02T09:30:00+02:00;10;Österreich;622110;10245;589534;1566;476;32383974;8577920;23806054